1,Unbranded Cotton Pants,veniam-libero-ut
2,Generic Rubber Towels,temporibus-nesciunt-officia
3,Handcrafted Frozen Ball,ipsum-omnis-ratione
4,Tasty Fresh Computer,laborum-facilis-sit
5,Fantastic Steel Gloves,voluptatem-et-ipsum
6,Intelligent Wooden Chair,libero-atque-aut
7,Refined Cotton Car,sunt-quae-vel
8,Unbranded Cotton Sausages,et-quo-sunt
9,Generic Soft Chips,ullam-et-debitis
10,Unbranded Wooden Towels,itaque-ducimus-quod
11,Generic Concrete Chips,iure-id-voluptatem
12,Small Metal Chicken,expedita-itaque-nobis
13,Handcrafted Steel Car,nihil-aliquam-iusto
14,Handmade Frozen Hat,autem-modi-voluptatem
15,Handcrafted Metal Sausages,laborum-quia-voluptatibus
16,Generic Granite Gloves,eum-qui-ducimus
17,Gorgeous Steel Mouse,sed-magni-qui
18,Rustic Cotton Chips,ex-ratione-quas
19,Incredible Frozen Chair,quaerat-enim-ullam
20,Refined Concrete Chips,aut-vero-sunt
21,Licensed Wooden Soap,voluptates-et-voluptates
22,Refined Granite Soap,nihil-eveniet-nam
23,Sleek Concrete Fish,nisi-rerum-aspernatur
24,Handcrafted Rubber Chair,est-illum-temporibus
25,Licensed Plastic Chicken,voluptatem-ipsam-a
26,Rustic Granite Computer,ut-facere-unde
27,Generic Metal Soap,facilis-laboriosam-neque
28,Unbranded Wooden Pizza,veniam-et-nihil
29,Intelligent Plastic Chips,nulla-et-est
30,Licensed Soft Shirt,ad-dolores-fuga
31,Handcrafted Concrete Car,praesentium-fuga-officiis
32,Rustic Cotton Keyboard,assumenda-tempore-rerum
33,Tasty Cotton Pants,et-quia-earum
34,Handcrafted Fresh Shirt,facere-ad-vitae
35,Incredible Concrete Gloves,iste-minima-et
36,Rustic Plastic Ball,consequatur-voluptas-rerum
37,Handcrafted Wooden Hat,sit-velit-nam
38,Awesome Frozen Mouse,a-consequatur-omnis
39,Awesome Plastic Mouse,saepe-accusamus-animi
40,Sleek Steel Computer,qui-aut-error
41,Awesome Granite Chips,illo-molestiae-esse
42,Handcrafted Metal Bike,quis-dolor-sapiente
43,Fantastic Concrete Bike,corporis-similique-tempora
44,Tasty Granite Car,perspiciatis-soluta-quisquam
45,Fantastic Steel Salad,expedita-facere-voluptates
46,Ergonomic Metal Pants,sed-occaecati-deleniti
47,Practical Rubber Tuna,quibusdam-aut-officiis
48,Licensed Rubber Towels,eveniet-non-illo
49,Awesome Metal Chair,molestiae-maxime-illum
50,Unbranded Steel Computer,fugit-rerum-velit
51,Awesome Wooden Pants,aperiam-molestiae-eaque
52,Fantastic Plastic Keyboard,exercitationem-dolorem-suscipit
53,Awesome Wooden Soap,saepe-eius-nemo
54,Rustic Metal Pizza,est-voluptas-voluptatibus
55,Sleek Cotton Fish,nisi-in-voluptatum
56,Licensed Metal Ball,natus-aspernatur-facilis
57,Licensed Rubber Chips,rerum-necessitatibus-accusantium
58,Sleek Plastic Car,aliquid-soluta-consequuntur
59,Tasty Cotton Gloves,quisquam-ut-voluptatem
60,Handcrafted Soft Mouse,officiis-necessitatibus-quia
61,Intelligent Granite Chair,ut-totam-et
62,Unbranded Steel Towels,ut-temporibus-ducimus
63,Incredible Metal Ball,eius-omnis-omnis
64,Incredible Soft Table,fuga-molestiae-quidem
65,Sleek Cotton Shoes,repellendus-ut-quas
66,Refined Metal Shoes,eveniet-optio-laboriosam
67,Licensed Plastic Keyboard,ea-vel-omnis
68,Ergonomic Metal Chips,vitae-quasi-et
69,Refined Metal Soap,eum-debitis-eius
70,Rustic Wooden Shoes,iure-ea-iste
71,Awesome Frozen Hat,neque-est-eius
72,Sleek Steel Pizza,numquam-dolore-sunt
73,Small Fresh Bike,iusto-rerum-delectus
74,Small Steel Mouse,quam-dolorem-maiores
75,Practical Fresh Keyboard,tempora-consequatur-dolorum
76,Awesome Concrete Hat,molestiae-non-autem
77,Intelligent Granite Computer,aliquid-ut-eos
78,Rustic Plastic Pants,illo-iure-aut
79,Generic Frozen Ball,quis-magnam-recusandae
80,Gorgeous Cotton Fish,repellat-dolore-dolorem
81,Practical Cotton Chicken,nostrum-illum-ut
82,Licensed Steel Mouse,nobis-adipisci-expedita
83,Licensed Wooden Sausages,molestias-velit-quae
84,Practical Rubber Pants,optio-quam-earum
85,Ergonomic Concrete Ball,et-voluptate-ullam
86,Practical Rubber Fish,repudiandae-commodi-laboriosam
87,Intelligent Wooden Bike,numquam-repellat-cum
88,Practical Fresh Chicken,ut-qui-soluta
89,Incredible Fresh Towels,sit-corrupti-perspiciatis
90,Licensed Frozen Hat,ducimus-est-qui
91,Handcrafted Fresh Chips,est-consequatur-ut
92,Intelligent Plastic Chicken,et-rerum-et
93,Handmade Fresh Keyboard,eligendi-aut-aut
94,Small Frozen Mouse,beatae-ut-aut
95,Awesome Frozen Shoes,accusantium-repudiandae-modi
96,Tasty Wooden Shoes,illum-laboriosam-repudiandae
97,Generic Rubber Table,assumenda-aut-pariatur
98,Unbranded Frozen Gloves,quam-fugit-explicabo
99,Unbranded Cotton Keyboard,deleniti-animi-saepe
100,Gorgeous Cotton Table,nihil-at-aliquid
